model,single_P@1,single_P@5,single_P@10,single_R@1,single_R@5,single_R@10,pair_P@1,pair_P@5,pair_P@10,pair_R@1,pair_R@5,pair_R@10,negative_P@1,negative_P@5,negative_P@10,negative_R@1,negative_R@5,negative_R@10
cxrclip_r50_mc,0.6,0.5599999999999999,0.48,0.00139512526572128,0.007250080611077581,0.010996051510893782,0.17777777777777778,0.09333333333333334,0.1022222222222222,0.005090115223667374,0.007735875925221677,0.014383848271366984,0.26666666666666666,0.2555555555555556,0.24666666666666665,0.0009515724061549889,0.0035543991838625803,0.006645401672210855
vanilla_clip_loss,0.6,0.5600000000000002,0.5,0.0005949194406156599,0.005055776471456309,0.00934537377675564,0.13333333333333333,0.12444444444444448,0.11555555555555554,0.0015280281773133021,0.0051245883825075155,0.01188868212552798,0.2,0.19555555555555554,0.19555555555555562,0.0006173679575546056,0.002788496474294168,0.005137734726146307
caption_mode_all_clip,0.7,0.56,0.5399999999999999,0.00170263752331236,0.00423709248735812,0.007320883551973101,0.1111111111111111,0.07111111111111112,0.09555555555555555,0.0002519209180828822,0.002169435943506211,0.0074982002039063874,0.5888888888888889,0.4577777777777779,0.43444444444444447,0.001786881254062379,0.004472539052487813,0.007968054337012708
