model,single_P@1,single_P@3,single_P@5,single_R@1,single_R@3,single_R@5,pair_P@1,pair_P@3,pair_P@5,pair_R@1,pair_R@3,pair_R@5,negative_nan_P@1,negative_nan_P@3,negative_nan_P@5,negative_nan_R@1,negative_nan_R@3,negative_nan_R@5,negative_nan_HNRR@1,negative_nan_HNRR@3,negative_nan_HNRR@5,negative_strict_P@1,negative_strict_P@3,negative_strict_P@5,negative_strict_R@1,negative_strict_R@3,negative_strict_R@5,negative_strict_HNRR@1,negative_strict_HNRR@3,negative_strict_HNRR@5,negative_robust_nan_P@1,negative_robust_nan_P@3,negative_robust_nan_P@5,negative_robust_nan_R@1,negative_robust_nan_R@3,negative_robust_nan_R@5,negative_robust_nan_HNRR@1,negative_robust_nan_HNRR@3,negative_robust_nan_HNRR@5,negative_robust_strict_P@1,negative_robust_strict_P@3,negative_robust_strict_P@5,negative_robust_strict_R@1,negative_robust_strict_R@3,negative_robust_strict_R@5,negative_robust_strict_HNRR@1,negative_robust_strict_HNRR@3,negative_robust_strict_HNRR@5
cxrclip_swint_labeldot,0.3,0.33333333333333337,0.42000000000000004,0.3,0.8,0.9,0.06666666666666667,0.14814814814814817,0.14222222222222222,0.06666666666666667,0.3333333333333333,0.4222222222222222,0.14444444444444443,0.19629629629629627,0.22666666666666668,0.14444444444444443,0.45555555555555555,0.6,0.06666666666666667,0.059259259259259255,0.07111111111111111,0.0,0.02109704641350211,0.0379746835443038,0.0,0.06329113924050633,0.1518987341772152,0.06666666666666667,0.059259259259259255,0.07111111111111111,0.23333333333333334,0.25925925925925924,0.2577777777777778,0.23333333333333334,0.5777777777777777,0.7,0.06666666666666667,0.05185185185185184,0.044444444444444446,0.012658227848101266,0.03797468354430379,0.04556962025316456,0.012658227848101266,0.10126582278481013,0.20253164556962025,0.06666666666666667,0.05185185185185184,0.044444444444444446
