model,single_P@1,single_P@5,single_P@10,single_R@1,single_R@5,single_R@10,pair_P@1,pair_P@5,pair_P@10,pair_R@1,pair_R@5,pair_R@10,negative_P@1,negative_P@5,negative_P@10,negative_R@1,negative_R@5,negative_R@10
cxrclip_r50_mc,0.46153846153846156,0.4923076923076923,0.43076923076923074,0.0010731732813240615,0.006196122046044661,0.009958572109929639,0.12121212121212122,0.06666666666666667,0.07272727272727274,0.0034705331070459364,0.005571549390488337,0.012268759972816849,0.2692307692307692,0.26282051282051283,0.2525641025641026,0.0007670243578855256,0.0034801350498542627,0.006413173819300879
vanilla_clip_loss,0.5384615384615384,0.5230769230769231,0.4384615384615384,0.0005358041975967846,0.00492634052862377,0.008610646148084792,0.12121212121212122,0.09696969696969697,0.0893939393939394,0.0029481554764113757,0.010667310883271788,0.017892653561761684,0.1794871794871795,0.19743589743589743,0.20064102564102568,0.0005142396983308211,0.0028982384553983306,0.005674379299854158
regular_clip_loss_lr1e-3,0.5384615384615384,0.5076923076923077,0.5230769230769231,0.0010152736634971462,0.004373489443635669,0.010151644139302777,0.15151515151515152,0.13636363636363635,0.09848484848484847,0.0019043687702983,0.01266323346066534,0.017365874707976025,0.2692307692307692,0.21923076923076926,0.2153846153846154,0.0005276305530423455,0.0023685580440028415,0.0044989056567148284
negaware007lr1e-5,0.5384615384615384,0.5230769230769231,0.45384615384615395,0.0005358041975967846,0.0034755703682287846,0.006632582126329384,0.045454545454545456,0.06666666666666667,0.06212121212121212,0.00011060948760559242,0.003569829315923508,0.00753523844907677,0.24358974358974358,0.23717948717948717,0.23910256410256409,0.0004144597582636583,0.001998049359047587,0.00432606661874652
negaware007lr1e-3,0.5384615384615384,0.4615384615384616,0.4307692307692308,0.0007777051537834616,0.0035053295528534615,0.007144057781148877,0.10606060606060606,0.07575757575757576,0.08333333333333333,0.001394453053647609,0.005450225079770038,0.010065794990554497,0.27564102564102566,0.26025641025641033,0.2641025641025641,0.0004673961607303878,0.0024418191468019335,0.004690469152355629
