{"_timestamp":1.7804887618780937e+09,"eval/vanilla_siglip_loss/pair_R@1":0.0012332489712699312,"eval/vanilla_clip_loss/pair_R@1":0.0015280281773133021,"eval/fixed_negaware_005/single_P@10":0.4600000000000001,"plots/macro_bar_pair":{"sha256":"6a0142ac54428776881cba1702650d44388499a6eee25cb8c4453d6ac3018cd2","size":101158,"path":"media/images/plots/macro_bar_pair_10_6a0142ac54428776881c.png","format":"png","width":2100,"height":750,"_type":"image-file"},"eval/fixed_negaware_005/pair_P@1":0.08888888888888889,"plots/macro_bar_single":{"size":100788,"path":"media/images/plots/macro_bar_single_11_93a472c9ca03f1d1b0a6.png","format":"png","width":2100,"height":750,"_type":"image-file","sha256":"93a472c9ca03f1d1b0a63442ed8e6cf7720459f9e3b856a3b23f43acbe9fd59f"},"eval/cxrclip_r50_mc/single_P@5":0.5599999999999999,"eval/fixed_negaware_005/negative_P@5":0.23777777777777775,"eval/caption_mode_all_clip/pair_R@5":0.002169435943506211,"eval/caption_mode_all_clip/pair_P@10":0.09555555555555555,"eval/caption_mode_all_clip/single_R@1":0.00170263752331236,"eval/caption_mode_all_sglip/negative_P@1":0.23333333333333334,"eval/vanilla_siglip_loss/single_R@1":0.00061942735107655,"eval/fixed_negaware_005/single_R@5":0.00325278558954605,"eval/fixed_negaware_005/single_R@10":0.00664569862503127,"eval/vanilla_siglip_loss/negative_R@5":0.002448628665746163,"eval/vanilla_clip_loss/pair_P@10":0.11555555555555554,"eval/vanilla_siglip_loss/single_P@10":0.5700000000000001,"eval/vanilla_clip_loss/pair_R@10":0.01188868212552798,"eval/caption_mode_all_sglip/single_P@5":0.27999999999999997,"eval/vanilla_clip_loss/pair_P@1":0.13333333333333333,"plots/neg_heatmap_P10_cxrclip_r50_mc":{"path":"media/images/plots/neg_heatmap_P10_cxrclip_r50_mc_14_5b7877d554e40695dd96.png","format":"png","width":2100,"height":1650,"_type":"image-file","sha256":"5b7877d554e40695dd961308a86ea3d4d96e0842dc29ac945e17d63b324db4a4","size":159254},"eval/fixed_negaware_005/single_R@1":0.00100819307886792,"plots/heatmap_single_Pat10":{"sha256":"e552450182d6e80906f41b58295438abaf12ce67b7a99357686a1d89104e57e7","size":129597,"path":"media/images/plots/heatmap_single_Pat10_7_e552450182d6e80906f4.png","format":"png","width":2100,"height":1050,"_type":"image-file"},"eval/caption_mode_all_clip/negative_P@1":0.5888888888888889,"eval/cxrclip_r50_mc/pair_P@1":0.17777777777777778,"eval/caption_mode_all_sglip/single_P@1":0.4,"plots/table_single":{"width":1676,"height":685,"_type":"image-file","sha256":"8779b58c3ec9c6fd1a051a27a7763fc7970fe1ef2863a71995daa9fffff46c1c","size":85619,"path":"media/images/plots/table_single_23_8779b58c3ec9c6fd1a05.png","format":"png"},"eval/caption_mode_all_clip/negative_R@1":0.001786881254062379,"plots/neg_heatmap_P10_vanilla_clip_loss":{"height":1650,"_type":"image-file","sha256":"a071a68ff0b42f73a8fbad8be511224516a3259ef643fa9cec7920c1ae3f9e43","size":158255,"path":"media/images/plots/neg_heatmap_P10_vanilla_clip_loss_16_a071a68ff0b42f73a8fb.png","format":"png","width":2100},"eval/caption_mode_all_sglip/negative_R@1":0.0003088394136110989,"eval/caption_mode_all_clip/single_P@5":0.56,"eval/cxrclip_r50_mc/single_R@5":0.007250080611077581,"eval/cxrclip_r50_mc/single_P@10":0.48,"plots/per_label_Pat10":{"format":"png","width":2100,"height":750,"_type":"image-file","sha256":"9dd5cc5138237e2419169401fb6eb35a3592ea7bcf639fecee87fc9f81418dee","size":66743,"path":"media/images/plots/per_label_Pat10_18_9dd5cc5138237e241916.png"},"eval/vanilla_siglip_loss/single_R@5":0.00485376051092747,"eval/cxrclip_r50_mc/pair_P@5":0.09333333333333334,"eval/vanilla_siglip_loss/pair_P@10":0.1311111111111111,"eval/cxrclip_r50_mc/negative_P@5":0.2555555555555556,"eval/vanilla_clip_loss/single_P@1":0.6,"plots/neg_heatmap_P10_caption_mode_all_sglip":{"size":145002,"path":"media/images/plots/neg_heatmap_P10_caption_mode_all_sglip_13_00d5d1fa6bb4d392f271.png","format":"png","width":2100,"height":1650,"_type":"image-file","sha256":"00d5d1fa6bb4d392f271e993bbcf215a5c5c61a36a26362d8b0c32006ab889d8"},"eval/vanilla_clip_loss/negative_P@5":0.19555555555555554,"eval/fixed_negaware_005/negative_P@1":0.24444444444444444,"eval/caption_mode_all_clip/pair_R@10":0.0074982002039063874,"eval/caption_mode_all_clip/single_P@10":0.5399999999999999,"eval/fixed_negaware_005/pair_P@10":0.11999999999999998,"eval/caption_mode_all_sglip/negative_R@5":0.0018821330160010354,"eval/vanilla_siglip_loss/pair_R@10":0.014622051741962306,"eval/fixed_negaware_005/negative_R@1":0.0004880311188325467,"eval/cxrclip_r50_mc/negative_R@1":0.0009515724061549889,"eval/caption_mode_all_clip/negative_P@10":0.43444444444444447,"eval/caption_mode_all_sglip/pair_P@1":0.15555555555555556,"eval/cxrclip_r50_mc/negative_R@10":0.006645401672210855,"_runtime":2,"eval/vanilla_siglip_loss/single_P@5":0.56,"eval/fixed_negaware_005/pair_P@5":0.13333333333333336,"eval/vanilla_clip_loss/negative_P@10":0.19555555555555562,"eval/vanilla_clip_loss/pair_R@5":0.0051245883825075155,"eval/caption_mode_all_clip/pair_R@1":0.0002519209180828822,"eval/vanilla_siglip_loss/pair_P@5":0.13777777777777775,"eval/cxrclip_r50_mc/single_R@1":0.00139512526572128,"eval/fixed_negaware_005/pair_R@10":0.01072704167533603,"eval/fixed_negaware_005/negative_R@10":0.004758657541558329,"eval/caption_mode_all_sglip/pair_R@5":0.002985986766998553,"plots/neg_heatmap_P10_fixed_negaware_005":{"format":"png","width":2100,"height":1650,"_type":"image-file","sha256":"c095f712d15113300ab6ac96dc6203687ff3ac21486e918eb587f81e35e30cc0","size":164160,"path":"media/images/plots/neg_heatmap_P10_fixed_negaware_005_15_c095f712d15113300ab6.png"},"eval/caption_mode_all_clip/single_R@5":0.00423709248735812,"eval/vanilla_siglip_loss/negative_R@1":0.00037405699861234554,"eval/caption_mode_all_clip/negative_P@5":0.4577777777777779,"eval/caption_mode_all_sglip/negative_R@10":0.004006707752816112,"eval/caption_mode_all_clip/single_P@1":0.7,"eval/cxrclip_r50_mc/pair_R@10":0.014383848271366984,"eval/caption_mode_all_sglip/single_R@5":0.0017652126715396199,"eval/caption_mode_all_sglip/pair_P@10":0.09777777777777778,"eval/caption_mode_all_clip/single_R@10":0.007320883551973101,"eval/vanilla_clip_loss/single_R@5":0.005055776471456309,"eval/vanilla_siglip_loss/negative_P@10":0.2288888888888889,"eval/caption_mode_all_clip/negative_R@5":0.004472539052487813,"eval/caption_mode_all_sglip/negative_P@5":0.23111111111111113,"eval/cxrclip_r50_mc/single_R@10":0.010996051510893782,"plots/table_pair":{"size":84892,"path":"media/images/plots/table_pair_22_8ae229bf02f3b93e7a1f.png","format":"png","width":1676,"height":685,"_type":"image-file","sha256":"8ae229bf02f3b93e7a1fc359a041398ce2487dd64415a19eb20a67321cde8bc0"},"plots/macro_bar_negative":{"_type":"image-file","sha256":"21e7f06e4e709d6457c9957fb05fd8c99b2dab966e27c0234c518aa052449c36","size":103011,"path":"media/images/plots/macro_bar_negative_9_21e7f06e4e709d6457c9.png","format":"png","width":2100,"height":750},"eval/vanilla_siglip_loss/negative_P@1":0.2111111111111111,"eval/caption_mode_all_sglip/pair_R@1":0.0006977792138159488,"eval/cxrclip_r50_mc/negative_P@10":0.24666666666666665,"eval/cxrclip_r50_mc/negative_R@5":0.0035543991838625803,"_wandb":{"runtime":2},"eval/fixed_negaware_005/negative_P@10":0.2511111111111111,"eval/vanilla_clip_loss/negative_R@5":0.002788496474294168,"eval/cxrclip_r50_mc/negative_P@1":0.26666666666666666,"eval/vanilla_clip_loss/single_R@10":0.00934537377675564,"plots/table_negative":{"size":82106,"path":"media/images/plots/table_negative_21_990915356feed0e4c0a1.png","format":"png","width":1676,"height":685,"_type":"image-file","sha256":"990915356feed0e4c0a1d4313a7400fbe0cc6e5c027df64168da966c2731f2e9"},"eval/fixed_negaware_005/single_P@5":0.4800000000000001,"eval/caption_mode_all_clip/pair_P@1":0.1111111111111111,"plots/neg_heatmap_P10_caption_mode_all_clip":{"_type":"image-file","sha256":"ab45aa60ce3b254d20f84f4c16fce39fbb8cf11533f338f550e153339a6ff40e","size":149807,"path":"media/images/plots/neg_heatmap_P10_caption_mode_all_clip_12_ab45aa60ce3b254d20f8.png","format":"png",